mass1,mass2,mass3
3.9269908169872427,2.7143360527015816,5.0893800988154645
3.569611072540283,9.47005844116211,6.359458923339844
3.569611072540283,9.47005844116211,6.359458923339844
8.61214828491211,4.307186603546143,5.458649158477783
8.61214828491211,4.307186603546143,5.458649158477783
9.910255432128906,1.5485388040542603,4.134482383728027
9.910255432128906,1.5485388040542603,4.134482383728027
5.795857906341553,8.326696395874023,8.47742748260498
5.795857906341553,8.326696395874023,8.47742748260498
1.6777851581573486,2.994417905807495,8.082781791687012
1.6777851581573486,2.994417905807495,8.082781791687012
4.751470565795898,7.884407043457031,7.882411479949951
4.751470565795898,7.884407043457031,7.882411479949951
6.449089050292969,3.98490047454834,4.408405303955078
6.449089050292969,3.98490047454834,4.408405303955078
6.156305313110352,3.9698898792266846,9.763754844665527
6.156305313110352,3.9698898792266846,9.763754844665527
5.280819892883301,4.326526165008545,7.420637607574463
5.280819892883301,4.326526165008545,7.420637607574463
2.3102874755859375,4.511903762817383,9.751750946044922
2.3102874755859375,4.511903762817383,9.751750946044922
2.4327285289764404,4.61610221862793,8.457106590270996
2.4327285289764404,4.61610221862793,8.457106590270996
5.691078186035156,7.5236077308654785,8.75501823425293
5.691078186035156,7.5236077308654785,8.75501823425293
4.940633296966553,4.935749053955078,2.2640938758850098
4.940633296966553,4.935749053955078,2.2640938758850098
6.684854984283447,1.6924803256988525,7.661374568939209
6.684854984283447,1.6924803256988525,7.661374568939209
1.1107361316680908,9.462554931640625,6.189529895782471
1.1107361316680908,9.462554931640625,6.189529895782471
5.776084899902344,8.902122497558594,1.2211813926696777
5.776084899902344,8.902122497558594,1.2211813926696777
2.238614559173584,4.511779308319092,4.703814506530762
2.238614559173584,4.511779308319092,4.703814506530762
9.2915620803833,4.7644734382629395,2.1301121711730957
9.2915620803833,4.7644734382629395,2.1301121711730957
8.165870666503906,9.65206527709961,8.36845588684082
8.165870666503906,9.65206527709961,8.36845588684082
9.344808578491211,2.876591444015503,5.170189380645752
9.344808578491211,2.876591444015503,5.170189380645752
9.473563194274902,7.677423000335693,6.377388954162598
9.473563194274902,7.677423000335693,6.377388954162598
6.789422035217285,6.043815612792969,8.4158935546875
6.789422035217285,6.043815612792969,8.4158935546875
7.395582675933838,6.833131313323975,6.309670925140381
7.395582675933838,6.833131313323975,6.309670925140381
4.262545585632324,4.8410258293151855,2.481734275817871
4.262545585632324,4.8410258293151855,2.481734275817871
7.62953519821167,4.809045791625977,9.782906532287598
7.62953519821167,4.809045791625977,9.782906532287598
3.420780658721924,9.392891883850098,3.49531888961792
3.420780658721924,9.392891883850098,3.49531888961792
3.9843297004699707,3.3496906757354736,2.518749952316284
3.9843297004699707,3.3496906757354736,2.518749952316284
4.076541423797607,9.542956352233887,5.797522068023682
4.076541423797607,9.542956352233887,5.797522068023682
4.527984142303467,4.942352294921875,9.093880653381348
4.527984142303467,4.942352294921875,9.093880653381348
8.119572639465332,4.669137954711914,7.625058174133301
8.119572639465332,4.669137954711914,7.625058174133301
6.624812602996826,9.217365264892578,8.267690658569336
6.624812602996826,9.217365264892578,8.267690658569336
1.1841540336608887,7.630923748016357,3.9087588787078857
1.1841540336608887,7.630923748016357,3.9087588787078857
7.281684875488281,5.262588977813721,6.234468460083008
7.281684875488281,5.262588977813721,6.234468460083008
6.808745384216309,3.6185147762298584,1.251240611076355
6.808745384216309,3.6185147762298584,1.251240611076355
2.504481077194214,4.628377437591553,5.405909061431885
2.504481077194214,4.628377437591553,5.405909061431885
6.449644088745117,1.16042959690094,2.201993942260742
6.449644088745117,1.16042959690094,2.201993942260742
7.087414741516113,4.851653575897217,6.801734447479248
7.087414741516113,4.851653575897217,6.801734447479248
1.1126195192337036,8.91231632232666,2.3090806007385254
1.1126195192337036,8.91231632232666,2.3090806007385254
5.315354347229004,9.173501968383789,9.64340877532959
5.315354347229004,9.173501968383789,9.64340877532959
9.544529914855957,5.078237056732178,3.1257123947143555
9.544529914855957,5.078237056732178,3.1257123947143555
5.325337886810303,8.665179252624512,4.2053985595703125
5.325337886810303,8.665179252624512,4.2053985595703125
2.3576560020446777,2.4774396419525146,1.7963958978652954
2.3576560020446777,2.4774396419525146,1.7963958978652954
2.1691737174987793,6.109251022338867,3.893002510070801
2.1691737174987793,6.109251022338867,3.893002510070801
8.0621976852417,3.920109510421753,8.762365341186523
8.0621976852417,3.920109510421753,8.762365341186523
3.495290994644165,4.454268455505371,4.523467063903809
3.495290994644165,4.454268455505371,4.523467063903809
7.201108932495117,3.586591958999634,5.604442596435547
7.201108932495117,3.586591958999634,5.604442596435547
7.516317844390869,6.214328765869141,3.0863449573516846
7.516317844390869,6.214328765869141,3.0863449573516846
8.578252792358398,5.1267476081848145,8.738252639770508
8.578252792358398,5.1267476081848145,8.738252639770508
4.501538276672363,7.844813346862793,4.895317077636719
4.501538276672363,7.844813346862793,4.895317077636719
3.0281357765197754,3.4503393173217773,4.039782524108887
3.0281357765197754,3.4503393173217773,4.039782524108887
2.1962051391601562,8.845744132995605,5.878098011016846
2.1962051391601562,8.845744132995605,5.878098011016846
8.25415325164795,7.6015944480896,2.9426136016845703
8.25415325164795,7.6015944480896,2.9426136016845703
9.337632179260254,8.077582359313965,2.377140998840332
9.337632179260254,8.077582359313965,2.377140998840332
1.8738749027252197,7.256068229675293,3.0370407104492188
1.8738749027252197,7.256068229675293,3.0370407104492188
3.079857349395752,9.546814918518066,2.4403038024902344
3.079857349395752,9.546814918518066,2.4403038024902344
8.334980964660645,8.112186431884766,1.6378767490386963
8.334980964660645,8.112186431884766,1.6378767490386963
7.508786678314209,2.4932477474212646,1.365323543548584
7.508786678314209,2.4932477474212646,1.365323543548584
1.618201494216919,7.702293395996094,4.912679195404053
1.618201494216919,7.702293395996094,4.912679195404053
2.936927318572998,1.9334361553192139,2.6327662467956543
2.936927318572998,1.9334361553192139,2.6327662467956543
5.649042129516602,1.396053671836853,8.304245948791504
5.649042129516602,1.396053671836853,8.304245948791504
2.4402410984039307,4.9560747146606445,1.622699499130249
2.4402410984039307,4.9560747146606445,1.622699499130249
9.400018692016602,9.62206745147705,2.185325860977173
9.400018692016602,9.62206745147705,2.185325860977173
1.7768299579620361,1.7600964307785034,3.9741528034210205
1.7768299579620361,1.7600964307785034,3.9741528034210205
7.758505821228027,7.08055305480957,8.716032981872559
7.758505821228027,7.08055305480957,8.716032981872559
5.341764450073242,3.1782474517822266,9.96701431274414
5.341764450073242,3.1782474517822266,9.96701431274414
6.452920913696289,7.098546028137207,5.912695407867432
6.452920913696289,7.098546028137207,5.912695407867432
5.797305583953857,4.946645259857178,4.824270248413086
5.797305583953857,4.946645259857178,4.824270248413086
8.428403854370117,2.3264312744140625,1.042691707611084
8.428403854370117,2.3264312744140625,1.042691707611084
1.6469764709472656,5.727473258972168,3.6110100746154785
1.6469764709472656,5.727473258972168,3.6110100746154785
4.497351169586182,6.4701995849609375,5.07219123840332
4.497351169586182,6.4701995849609375,5.07219123840332
5.413856029510498,6.542354106903076,2.2599682807922363
5.413856029510498,6.542354106903076,2.2599682807922363
6.061746597290039,6.253283977508545,8.928754806518555
6.061746597290039,6.253283977508545,8.928754806518555
1.704143762588501,9.253128051757812,3.654545545578003
1.704143762588501,9.253128051757812,3.654545545578003
8.969138145446777,8.486300468444824,1.970672369003296
8.969138145446777,8.486300468444824,1.970672369003296
3.9620895385742188,6.231931209564209,4.892926216125488
3.9620895385742188,6.231931209564209,4.892926216125488
4.293609619140625,7.1600470542907715,5.745349884033203
4.293609619140625,7.1600470542907715,5.745349884033203
8.076904296875,9.416254997253418,2.2671022415161133
8.076904296875,9.416254997253418,2.2671022415161133
2.2303948402404785,8.08782958984375,2.073561668395996
2.2303948402404785,8.08782958984375,2.073561668395996
9.764073371887207,5.047535419464111,6.260882377624512
9.764073371887207,5.047535419464111,6.260882377624512
6.905426502227783,4.00407600402832,7.2612199783325195
6.905426502227783,4.00407600402832,7.2612199783325195
4.08659029006958,6.7979817390441895,7.464049816131592
4.08659029006958,6.7979817390441895,7.464049816131592
3.2219924926757812,9.451220512390137,3.7949602603912354
3.2219924926757812,9.451220512390137,3.7949602603912354
2.166445732116699,5.959873676300049,4.622791767120361
2.166445732116699,5.959873676300049,4.622791767120361
1.6722447872161865,6.0916032791137695,9.013867378234863
1.6722447872161865,6.0916032791137695,9.013867378234863
6.415374279022217,3.669039011001587,6.351169586181641
6.415374279022217,3.669039011001587,6.351169586181641
4.969356060028076,3.419713020324707,1.247289776802063
4.969356060028076,3.419713020324707,1.247289776802063
7.231790542602539,4.733433246612549,8.14686107635498
7.231790542602539,4.733433246612549,8.14686107635498
3.2531607151031494,1.9621609449386597,1.0492745637893677
3.2531607151031494,1.9621609449386597,1.0492745637893677
4.33842658996582,4.605764389038086,1.3913042545318604
4.33842658996582,4.605764389038086,1.3913042545318604
5.535923957824707,5.576275825500488,8.758358001708984
5.535923957824707,5.576275825500488,8.758358001708984
2.5247695446014404,4.59247350692749,3.3745102882385254
2.5247695446014404,4.59247350692749,3.3745102882385254
3.5054221153259277,9.161855697631836,9.986751556396484
3.5054221153259277,9.161855697631836,9.986751556396484
6.161890506744385,2.1014699935913086,3.5464446544647217
6.161890506744385,2.1014699935913086,3.5464446544647217
7.95686149597168,9.232193946838379,1.642924427986145
7.95686149597168,9.232193946838379,1.642924427986145
8.063759803771973,5.997466087341309,8.722777366638184
8.063759803771973,5.997466087341309,8.722777366638184
3.4595916271209717,7.083508491516113,9.166427612304688
3.4595916271209717,7.083508491516113,9.166427612304688
9.2896728515625,6.500743389129639,2.535419225692749
9.2896728515625,6.500743389129639,2.535419225692749
8.55280876159668,9.302139282226562,7.850231170654297
8.55280876159668,9.302139282226562,7.850231170654297
5.263218402862549,2.438157081604004,6.807343006134033
5.263218402862549,2.438157081604004,6.807343006134033
7.884719371795654,4.828367710113525,8.138776779174805
7.884719371795654,4.828367710113525,8.138776779174805
8.057581901550293,8.84507942199707,6.392125606536865
8.057581901550293,8.84507942199707,6.392125606536865
6.929768085479736,4.021937847137451,8.602472305297852
6.929768085479736,4.021937847137451,8.602472305297852
8.15056037902832,5.270851135253906,7.437745094299316
8.15056037902832,5.270851135253906,7.437745094299316
1.3967163562774658,3.436394453048706,9.074888229370117
1.3967163562774658,3.436394453048706,9.074888229370117
8.43178653717041,1.987318992614746,3.152745485305786
8.43178653717041,1.987318992614746,3.152745485305786
4.65059757232666,1.190090537071228,9.907866477966309
4.65059757232666,1.190090537071228,9.907866477966309
4.501558303833008,3.1718618869781494,2.69842529296875
4.501558303833008,3.1718618869781494,2.69842529296875
9.708333015441895,5.817840576171875,4.607316970825195
9.708333015441895,5.817840576171875,4.607316970825195
7.653180122375488,1.0054869651794434,7.0279221534729
7.653180122375488,1.0054869651794434,7.0279221534729
3.6350045204162598,9.79872989654541,6.701701641082764
3.6350045204162598,9.79872989654541,6.701701641082764
6.229620933532715,6.237645149230957,9.695292472839355
6.229620933532715,6.237645149230957,9.695292472839355
3.0594353675842285,2.282198429107666,3.7525601387023926
3.0594353675842285,2.282198429107666,3.7525601387023926
6.435068130493164,3.6110451221466064,4.169258117675781
6.435068130493164,3.6110451221466064,4.169258117675781
2.667910099029541,3.5794425010681152,1.1895045042037964
2.667910099029541,3.5794425010681152,1.1895045042037964
9.056507110595703,1.692891001701355,1.4154937267303467
9.056507110595703,1.692891001701355,1.4154937267303467
2.153355121612549,7.308844089508057,5.50090217590332
2.153355121612549,7.308844089508057,5.50090217590332
8.467724800109863,1.708242654800415,1.1571907997131348
8.467724800109863,1.708242654800415,1.1571907997131348
2.707953453063965,3.0675625801086426,5.994614601135254
2.707953453063965,3.0675625801086426,5.994614601135254
8.469799041748047,5.594541072845459,8.891616821289062
8.469799041748047,5.594541072845459,8.891616821289062
9.089797973632812,5.941549301147461,8.195337295532227
9.089797973632812,5.941549301147461,8.195337295532227
4.2616729736328125,9.812775611877441,2.391838550567627
4.2616729736328125,9.812775611877441,2.391838550567627
6.678336143493652,6.920829772949219,1.8763734102249146
6.678336143493652,6.920829772949219,1.8763734102249146
9.828238487243652,2.6032662391662598,6.619412899017334
9.828238487243652,2.6032662391662598,6.619412899017334
1.492285132408142,3.7967264652252197,1.5615060329437256
1.492285132408142,3.7967264652252197,1.5615060329437256
8.798933029174805,9.868759155273438,2.7905800342559814
8.798933029174805,9.868759155273438,2.7905800342559814
4.75511360168457,5.99228048324585,4.2496771812438965
4.75511360168457,5.99228048324585,4.2496771812438965
3.0774025917053223,6.573190689086914,9.895173072814941
3.0774025917053223,6.573190689086914,9.895173072814941
1.3477599620819092,8.198158264160156,2.694758653640747
1.3477599620819092,8.198158264160156,2.694758653640747
8.78754711151123,3.224452018737793,8.209742546081543
8.78754711151123,3.224452018737793,8.209742546081543
7.5790696144104,6.78328800201416,4.693779945373535
7.5790696144104,6.78328800201416,4.693779945373535
6.818474769592285,9.531484603881836,6.101089954376221
6.818474769592285,9.531484603881836,6.101089954376221
4.453441619873047,2.9836878776550293,7.899590492248535
4.453441619873047,2.9836878776550293,7.899590492248535
4.017276287078857,7.337319374084473,3.4718310832977295
4.017276287078857,7.337319374084473,3.4718310832977295
6.183772087097168,7.645832061767578,2.9489355087280273
6.183772087097168,7.645832061767578,2.9489355087280273
1.6351680755615234,2.200640916824341,4.881799221038818
1.6351680755615234,2.200640916824341,4.881799221038818
4.641183376312256,1.0323163270950317,4.74857759475708
4.641183376312256,1.0323163270950317,4.74857759475708
8.22277545928955,8.616231918334961,3.0266730785369873
8.22277545928955,8.616231918334961,3.0266730785369873
1.7065131664276123,4.925299167633057,5.795899868011475
1.7065131664276123,4.925299167633057,5.795899868011475
9.7935152053833,3.949320077896118,7.115326404571533
9.7935152053833,3.949320077896118,7.115326404571533
1.0038559436798096,4.750619411468506,9.16718578338623
1.0038559436798096,4.750619411468506,9.16718578338623
6.756216049194336,3.041008472442627,3.8832039833068848
6.756216049194336,3.041008472442627,3.8832039833068848
2.0563271045684814,8.009222030639648,3.8053314685821533
2.0563271045684814,8.009222030639648,3.8053314685821533
8.141497611999512,2.710204839706421,5.832357406616211
8.141497611999512,2.710204839706421,5.832357406616211
3.1730682849884033,8.90511703491211,5.375741481781006
3.1730682849884033,8.90511703491211,5.375741481781006
2.0996134281158447,1.0579091310501099,5.931149482727051
2.0996134281158447,1.0579091310501099,5.931149482727051
1.7732971906661987,9.253188133239746,7.375967502593994
1.7732971906661987,9.253188133239746,7.375967502593994
4.307560443878174,7.56596040725708,3.1727986335754395
4.307560443878174,7.56596040725708,3.1727986335754395
2.2880635261535645,3.235560894012451,9.85026741027832
2.2880635261535645,3.235560894012451,9.85026741027832
7.809686183929443,7.623635292053223,7.539981842041016
7.809686183929443,7.623635292053223,7.539981842041016
6.2305450439453125,4.570671558380127,1.046565294265747
6.2305450439453125,4.570671558380127,1.046565294265747
4.929920673370361,3.517026901245117,7.330183029174805
4.929920673370361,3.517026901245117,7.330183029174805
6.566349983215332,9.956328392028809,5.162100791931152
6.566349983215332,9.956328392028809,5.162100791931152
4.547750949859619,2.1657369136810303,3.2819201946258545
4.547750949859619,2.1657369136810303,3.2819201946258545
4.66721773147583,3.0321428775787354,7.141695499420166
4.66721773147583,3.0321428775787354,7.141695499420166
4.4653825759887695,8.215864181518555,8.965386390686035
4.4653825759887695,8.215864181518555,8.965386390686035
8.558012962341309,1.9832572937011719,7.0826497077941895
8.558012962341309,1.9832572937011719,7.0826497077941895
1.0260753631591797,4.261369228363037,3.599296808242798
1.0260753631591797,4.261369228363037,3.599296808242798
9.142410278320312,1.044971227645874,1.3381624221801758
9.142410278320312,1.044971227645874,1.3381624221801758
4.392448902130127,8.190686225891113,4.556429862976074
4.392448902130127,8.190686225891113,4.556429862976074
7.851677894592285,4.977296829223633,2.6729838848114014
7.851677894592285,4.977296829223633,2.6729838848114014
5.272722244262695,5.7170233726501465,1.5241611003875732
5.272722244262695,5.7170233726501465,1.5241611003875732
9.268214225769043,2.4019975662231445,5.855414867401123
9.268214225769043,2.4019975662231445,5.855414867401123
1.6719287633895874,1.166590929031372,9.09642219543457
1.6719287633895874,1.166590929031372,9.09642219543457
9.276527404785156,7.72663688659668,7.176573276519775
9.276527404785156,7.72663688659668,7.176573276519775
9.771929740905762,8.287458419799805,4.75698184967041
9.771929740905762,8.287458419799805,4.75698184967041
4.29709005355835,1.7289340496063232,4.773369789123535
4.29709005355835,1.7289340496063232,4.773369789123535
5.796535015106201,3.2283921241760254,4.13524866104126
5.796535015106201,3.2283921241760254,4.13524866104126
3.9549460411071777,8.275569915771484,9.457003593444824
3.9549460411071777,8.275569915771484,9.457003593444824
4.242593765258789,6.897134780883789,5.783251762390137
4.242593765258789,6.897134780883789,5.783251762390137
8.960556030273438,7.852745056152344,6.411801815032959
8.960556030273438,7.852745056152344,6.411801815032959
9.03185749053955,1.1650326251983643,1.9917819499969482
9.03185749053955,1.1650326251983643,1.9917819499969482
4.253357887268066,4.619839191436768,6.540209770202637
4.253357887268066,4.619839191436768,6.540209770202637
4.252266883850098,8.305438995361328,1.4497404098510742
4.252266883850098,8.305438995361328,1.4497404098510742
6.263594150543213,3.349987745285034,5.193382263183594
6.263594150543213,3.349987745285034,5.193382263183594
1.4262478351593018,3.7557270526885986,8.756387710571289
1.4262478351593018,3.7557270526885986,8.756387710571289
1.3193950653076172,6.743573188781738,1.2195463180541992
1.3193950653076172,6.743573188781738,1.2195463180541992
3.8981685638427734,3.7221693992614746,8.388786315917969
3.8981685638427734,3.7221693992614746,8.388786315917969
3.4427051544189453,4.004274845123291,7.798533916473389
3.4427051544189453,4.004274845123291,7.798533916473389
9.522720336914062,9.663956642150879,5.898166656494141
9.522720336914062,9.663956642150879,5.898166656494141
4.221961498260498,6.370051860809326,8.784834861755371
4.221961498260498,6.370051860809326,8.784834861755371
3.3858518600463867,4.017836093902588,5.127536773681641
3.3858518600463867,4.017836093902588,5.127536773681641
2.6081109046936035,2.9770846366882324,7.224062442779541
2.6081109046936035,2.9770846366882324,7.224062442779541
3.55424427986145,6.184752464294434,3.7677738666534424
3.55424427986145,6.184752464294434,3.7677738666534424
6.52466344833374,6.613254547119141,4.062119483947754
6.52466344833374,6.613254547119141,4.062119483947754
6.1145830154418945,6.676909446716309,8.450234413146973
6.1145830154418945,6.676909446716309,8.450234413146973
9.798134803771973,1.882947564125061,8.076284408569336
9.798134803771973,1.882947564125061,8.076284408569336
8.426841735839844,4.26855993270874,8.602254867553711
8.426841735839844,4.26855993270874,8.602254867553711
6.674267768859863,1.9216896295547485,4.446613311767578
6.674267768859863,1.9216896295547485,4.446613311767578
5.702787399291992,5.095437049865723,9.450201034545898
5.702787399291992,5.095437049865723,9.450201034545898
6.649836540222168,8.092116355895996,9.326651573181152
6.649836540222168,8.092116355895996,9.326651573181152
5.6912007331848145,8.21933364868164,2.215193271636963
5.6912007331848145,8.21933364868164,2.215193271636963
7.319162368774414,6.233224868774414,2.8841707706451416
7.319162368774414,6.233224868774414,2.8841707706451416
4.046706676483154,3.190180778503418,6.892096042633057
4.046706676483154,3.190180778503418,6.892096042633057
3.6776175498962402,9.581425666809082,9.440462112426758
3.6776175498962402,9.581425666809082,9.440462112426758
2.102273941040039,2.8297953605651855,3.284390687942505
2.102273941040039,2.8297953605651855,3.284390687942505
5.662737846374512,9.142847061157227,3.7029149532318115
5.662737846374512,9.142847061157227,3.7029149532318115
7.366983890533447,9.312479019165039,2.0219483375549316
7.366983890533447,9.312479019165039,2.0219483375549316
2.754584312438965,5.479381084442139,3.291156530380249
2.754584312438965,5.479381084442139,3.291156530380249
3.4408340454101562,6.271739959716797,8.526734352111816
3.4408340454101562,6.271739959716797,8.526734352111816
9.070348739624023,2.2096359729766846,2.01908278465271
4.611454963684082,1.6109975576400757,8.070331573486328
3.2690694332122803,2.928877115249634,9.221548080444336
3.2690694332122803,2.928877115249634,9.221548080444336
1.3735021352767944,5.949922561645508,7.266409873962402
1.3735021352767944,5.949922561645508,7.266409873962402
2.358497142791748,5.624164581298828,1.7307944297790527
2.358497142791748,5.624164581298828,1.7307944297790527
6.536545753479004,9.793438911437988,6.069553375244141
6.536545753479004,9.793438911437988,6.069553375244141
7.397636413574219,1.4987908601760864,5.285194396972656
7.397636413574219,1.4987908601760864,5.285194396972656
3.4949710369110107,2.513720750808716,2.725576877593994
3.4949710369110107,2.513720750808716,2.725576877593994
1.5372684001922607,6.900434494018555,7.265134811401367
1.5372684001922607,6.900434494018555,7.265134811401367
8.09467887878418,5.740324020385742,4.6246185302734375
8.09467887878418,5.740324020385742,4.6246185302734375
4.475435733795166,2.8592751026153564,9.039928436279297
4.475435733795166,2.8592751026153564,9.039928436279297
6.459131717681885,5.952698230743408,1.399674654006958
6.459131717681885,5.952698230743408,1.399674654006958
3.3730597496032715,8.8950834274292,3.4736151695251465
3.3730597496032715,8.8950834274292,3.4736151695251465
7.803508758544922,1.6221654415130615,3.059671401977539
7.803508758544922,1.6221654415130615,3.059671401977539
8.314225196838379,2.074439764022827,1.7923119068145752
8.314225196838379,2.074439764022827,1.7923119068145752
7.158141613006592,1.025795340538025,3.655679225921631
7.158141613006592,1.025795340538025,3.655679225921631
3.6357967853546143,3.960033416748047,3.385179281234741
3.6357967853546143,3.960033416748047,3.385179281234741
8.792466163635254,6.318943977355957,6.077647686004639
8.792466163635254,6.318943977355957,6.077647686004639
4.881877899169922,5.246901035308838,4.085230827331543
4.881877899169922,5.246901035308838,4.085230827331543
3.9625773429870605,2.6376943588256836,9.265632629394531
3.9625773429870605,2.6376943588256836,9.265632629394531
4.881048679351807,3.6801366806030273,5.493250846862793
4.881048679351807,3.6801366806030273,5.493250846862793
8.197125434875488,2.904815196990967,7.141933441162109
8.197125434875488,2.904815196990967,7.141933441162109
7.728215217590332,4.268001556396484,7.206756591796875
7.728215217590332,4.268001556396484,7.206756591796875
8.931269645690918,5.083783149719238,8.719285011291504
8.931269645690918,5.083783149719238,8.719285011291504
5.38123083114624,6.241354465484619,5.416014671325684
5.38123083114624,6.241354465484619,5.416014671325684
7.1915178298950195,4.451035976409912,6.322822570800781
7.1915178298950195,4.451035976409912,6.322822570800781
2.895016670227051,4.595939636230469,7.867924690246582
2.895016670227051,4.595939636230469,7.867924690246582
6.721983432769775,1.372888207435608,4.377613544464111
6.721983432769775,1.372888207435608,4.377613544464111
1.699482798576355,8.010370254516602,3.4281535148620605
1.699482798576355,8.010370254516602,3.4281535148620605
6.630496025085449,7.565650939941406,3.318121910095215
6.630496025085449,7.565650939941406,3.318121910095215
1.4615360498428345,8.501531600952148,9.269259452819824
1.4615360498428345,8.501531600952148,9.269259452819824
8.727457046508789,4.760275840759277,9.91026496887207
8.727457046508789,4.760275840759277,9.91026496887207
9.698321342468262,8.076546669006348,2.6354141235351562
9.698321342468262,8.076546669006348,2.6354141235351562
9.341710090637207,7.621560096740723,4.53836727142334
9.341710090637207,7.621560096740723,4.53836727142334
6.256444931030273,7.037425518035889,7.062056541442871
6.256444931030273,7.037425518035889,7.062056541442871
6.0508317947387695,4.45872163772583,4.340705394744873
6.0508317947387695,4.45872163772583,4.340705394744873
5.92738151550293,9.293695449829102,5.734437465667725
5.92738151550293,9.293695449829102,5.734437465667725
4.492194652557373,1.3469104766845703,6.850574493408203
4.492194652557373,1.3469104766845703,6.850574493408203
5.359642028808594,3.6103427410125732,1.1788252592086792
5.359642028808594,3.6103427410125732,1.1788252592086792
5.7403364181518555,5.605307102203369,4.867518424987793
5.7403364181518555,5.605307102203369,4.867518424987793
8.481337547302246,7.704538822174072,8.19012451171875
8.481337547302246,7.704538822174072,8.19012451171875
5.242325782775879,3.250884771347046,4.357077121734619
5.242325782775879,3.250884771347046,4.357077121734619
1.580498218536377,6.46583366394043,4.927177906036377
1.580498218536377,6.46583366394043,4.927177906036377
8.259773254394531,8.542511940002441,5.9478349685668945
8.259773254394531,8.542511940002441,5.9478349685668945
8.875941276550293,7.330148696899414,9.496060371398926
8.875941276550293,7.330148696899414,9.496060371398926
7.763782501220703,3.996767282485962,6.991343021392822
7.763782501220703,3.996767282485962,6.991343021392822
1.0503716468811035,1.4423853158950806,2.5062437057495117
1.0503716468811035,1.4423853158950806,2.5062437057495117
8.315605163574219,2.511223554611206,8.94713020324707
8.315605163574219,2.511223554611206,8.94713020324707
4.106022357940674,8.037410736083984,2.772188186645508
4.106022357940674,8.037410736083984,2.772188186645508
3.713714122772217,4.001088619232178,4.935586452484131
3.713714122772217,4.001088619232178,4.935586452484131
6.236888885498047,6.925789833068848,5.859291076660156
6.236888885498047,6.925789833068848,5.859291076660156
3.884510040283203,9.923332214355469,7.5654683113098145
3.884510040283203,9.923332214355469,7.5654683113098145
6.95025110244751,1.3516496419906616,4.8079729080200195
6.95025110244751,1.3516496419906616,4.8079729080200195
6.985568046569824,8.186723709106445,1.2167761325836182
6.985568046569824,8.186723709106445,1.2167761325836182
5.721214294433594,1.4927067756652832,9.711716651916504
5.721214294433594,1.4927067756652832,9.711716651916504
8.38662052154541,9.443303108215332,7.592460632324219
8.38662052154541,9.443303108215332,7.592460632324219
5.831122398376465,3.638674736022949,8.20417308807373
5.831122398376465,3.638674736022949,8.20417308807373
2.7786734104156494,9.633466720581055,1.1687356233596802
2.7786734104156494,9.633466720581055,1.1687356233596802
5.8446760177612305,3.1327054500579834,5.704833030700684
5.8446760177612305,3.1327054500579834,5.704833030700684
3.1169018745422363,1.1462005376815796,1.1160855293273926
3.1169018745422363,1.1462005376815796,1.1160855293273926
6.358514785766602,6.780176639556885,4.7270660400390625
6.358514785766602,6.780176639556885,4.7270660400390625
2.147904396057129,5.6935858726501465,9.455208778381348
2.147904396057129,5.6935858726501465,9.455208778381348
5.839873313903809,4.930376052856445,8.350852012634277
5.839873313903809,4.930376052856445,8.350852012634277
7.370020866394043,9.427506446838379,2.1492702960968018
7.370020866394043,9.427506446838379,2.1492702960968018
8.364216804504395,9.674129486083984,1.3773612976074219
8.364216804504395,9.674129486083984,1.3773612976074219
5.459846496582031,8.240009307861328,1.8942382335662842
5.459846496582031,8.240009307861328,1.8942382335662842
4.307852268218994,7.684731483459473,7.194631099700928
4.307852268218994,7.684731483459473,7.194631099700928
3.8205602169036865,8.301044464111328,8.152995109558105
3.8205602169036865,8.301044464111328,8.152995109558105
2.1229043006896973,3.608945608139038,5.827284336090088
2.1229043006896973,3.608945608139038,5.827284336090088
1.8204995393753052,3.8015031814575195,9.389866828918457
1.8204995393753052,3.8015031814575195,9.389866828918457
8.33520221710205,6.0284423828125,2.9574365615844727
8.33520221710205,6.0284423828125,2.9574365615844727
1.2025314569473267,9.989290237426758,3.8395392894744873
1.2025314569473267,9.989290237426758,3.8395392894744873
7.386826038360596,6.57358455657959,3.528897523880005
7.386826038360596,6.57358455657959,3.528897523880005
2.1189401149749756,4.658358097076416,4.333551406860352
2.1189401149749756,4.658358097076416,4.333551406860352
8.686330795288086,7.074378967285156,4.594766616821289
8.686330795288086,7.074378967285156,4.594766616821289
6.92363977432251,2.0320262908935547,3.7185564041137695
6.92363977432251,2.0320262908935547,3.7185564041137695
4.896500587463379,1.0107065439224243,5.039498805999756
4.896500587463379,1.0107065439224243,5.039498805999756
5.168314456939697,2.1387031078338623,1.2285590171813965
5.168314456939697,2.1387031078338623,1.2285590171813965
9.224298477172852,9.318575859069824,8.347489356994629
9.224298477172852,9.318575859069824,8.347489356994629
6.259842872619629,1.190420150756836,9.709555625915527
6.259842872619629,1.190420150756836,9.709555625915527
8.263538360595703,2.4211254119873047,6.5657429695129395
8.263538360595703,2.4211254119873047,6.5657429695129395
6.142920017242432,4.355630874633789,2.6946113109588623
6.142920017242432,4.355630874633789,2.6946113109588623
6.613424301147461,7.27402400970459,4.76478385925293
6.613424301147461,7.27402400970459,4.76478385925293
4.868079662322998,8.569682121276855,5.945138454437256
4.868079662322998,8.569682121276855,5.945138454437256
9.426459312438965,2.0447535514831543,9.488560676574707
9.426459312438965,2.0447535514831543,9.488560676574707
9.553845405578613,7.535138130187988,2.671095848083496
9.553845405578613,7.535138130187988,2.671095848083496
3.730380058288574,6.305791854858398,3.05888032913208
3.730380058288574,6.305791854858398,3.05888032913208
6.307146072387695,2.1402783393859863,3.6781692504882812
6.307146072387695,2.1402783393859863,3.6781692504882812
3.4361162185668945,8.99802303314209,3.375387191772461
3.4361162185668945,8.99802303314209,3.375387191772461
4.873741626739502,1.6043003797531128,4.337793350219727
4.873741626739502,1.6043003797531128,4.337793350219727
9.788763999938965,8.886696815490723,6.805787086486816
9.788763999938965,8.886696815490723,6.805787086486816
3.103330373764038,6.321054935455322,2.5689401626586914
3.103330373764038,6.321054935455322,2.5689401626586914
5.272670745849609,3.5560765266418457,3.163652181625366
5.272670745849609,3.5560765266418457,3.163652181625366
2.921931028366089,5.836116790771484,7.478487014770508
2.921931028366089,5.836116790771484,7.478487014770508
7.204739570617676,4.132743835449219,4.298090934753418
7.204739570617676,4.132743835449219,4.298090934753418
6.788595199584961,5.549682140350342,9.540275573730469
6.788595199584961,5.549682140350342,9.540275573730469
6.633246898651123,2.937631607055664,2.053962230682373
6.633246898651123,2.937631607055664,2.053962230682373
4.0294671058654785,2.7627432346343994,3.384730577468872
4.0294671058654785,2.7627432346343994,3.384730577468872
7.4538445472717285,1.2205917835235596,7.903753280639648
7.4538445472717285,1.2205917835235596,7.903753280639648
6.86784553527832,2.929656744003296,7.495262622833252
6.86784553527832,2.929656744003296,7.495262622833252
6.889016151428223,9.05626106262207,3.795203447341919
6.889016151428223,9.05626106262207,3.795203447341919
2.9283485412597656,6.095685958862305,6.491560935974121
2.9283485412597656,6.095685958862305,6.491560935974121
2.4631690979003906,4.217713832855225,1.140873908996582
2.4631690979003906,4.217713832855225,1.140873908996582
2.3572940826416016,9.156566619873047,6.309750556945801
2.3572940826416016,9.156566619873047,6.309750556945801
7.789878845214844,2.8043971061706543,1.8050422668457031
7.789878845214844,2.8043971061706543,1.8050422668457031
3.7399916648864746,5.929720878601074,2.1107847690582275
3.7399916648864746,5.929720878601074,2.1107847690582275
6.434442043304443,9.075511932373047,5.731494426727295
6.434442043304443,9.075511932373047,5.731494426727295
7.805419445037842,1.2898807525634766,2.001981019973755
7.805419445037842,1.2898807525634766,2.001981019973755
7.895133972167969,1.1770882606506348,2.840919017791748
7.895133972167969,1.1770882606506348,2.840919017791748
3.0045266151428223,1.216354250907898,7.272253513336182
3.0045266151428223,1.216354250907898,7.272253513336182
1.606865644454956,9.434102058410645,9.03925609588623
1.606865644454956,9.434102058410645,9.03925609588623
1.899228572845459,9.391098976135254,6.6135640144348145
1.899228572845459,9.391098976135254,6.6135640144348145
8.13927173614502,4.3966593742370605,4.546186447143555
8.13927173614502,4.3966593742370605,4.546186447143555
5.824261665344238,7.62306547164917,2.1584808826446533
5.824261665344238,7.62306547164917,2.1584808826446533
9.03001880645752,3.5917887687683105,2.2270517349243164
9.03001880645752,3.5917887687683105,2.2270517349243164
1.6630903482437134,6.465775966644287,8.810189247131348
1.6630903482437134,6.465775966644287,8.810189247131348
5.563807010650635,5.314796447753906,1.102546215057373
5.563807010650635,5.314796447753906,1.102546215057373
8.727933883666992,2.215240001678467,3.7993807792663574
8.727933883666992,2.215240001678467,3.7993807792663574
4.260017395019531,5.9001569747924805,6.947035789489746
4.260017395019531,5.9001569747924805,6.947035789489746
9.997212409973145,2.5312914848327637,5.2837114334106445
9.997212409973145,2.5312914848327637,5.2837114334106445
4.7115044593811035,1.0478739738464355,5.974818706512451
4.7115044593811035,1.0478739738464355,5.974818706512451
7.6028313636779785,4.200135707855225,4.255825996398926
7.6028313636779785,4.200135707855225,4.255825996398926
4.6813225746154785,1.0931541919708252,9.321368217468262
4.6813225746154785,1.0931541919708252,9.321368217468262
7.404362678527832,3.9680776596069336,6.804111480712891
7.404362678527832,3.9680776596069336,6.804111480712891
3.9518723487854004,7.565385341644287,2.2874200344085693
3.9518723487854004,7.565385341644287,2.2874200344085693
6.119874954223633,7.512423992156982,6.865514755249023
6.119874954223633,7.512423992156982,6.865514755249023
8.883004188537598,4.66422176361084,5.403450965881348
8.883004188537598,4.66422176361084,5.403450965881348
7.226744651794434,1.745848536491394,2.560541868209839
7.226744651794434,1.745848536491394,2.560541868209839
3.5632781982421875,3.6734910011291504,7.000811576843262
3.5632781982421875,3.6734910011291504,7.000811576843262
5.538370132446289,1.970121145248413,4.529325008392334
5.538370132446289,1.970121145248413,4.529325008392334
6.099286079406738,8.810050964355469,2.8163206577301025
6.099286079406738,8.810050964355469,2.8163206577301025
8.868348121643066,2.867619037628174,7.1108222007751465
8.868348121643066,2.867619037628174,7.1108222007751465
8.96742057800293,1.901328682899475,8.969505310058594
8.96742057800293,1.901328682899475,8.969505310058594
7.1910247802734375,2.2886335849761963,4.04941987991333
7.1910247802734375,2.2886335849761963,4.04941987991333
4.978766441345215,8.59119701385498,6.33827018737793
4.978766441345215,8.59119701385498,6.33827018737793
8.440738677978516,4.769562721252441,3.8231427669525146
8.440738677978516,4.769562721252441,3.8231427669525146
1.0088515281677246,1.8744473457336426,7.253714561462402
1.0088515281677246,1.8744473457336426,7.253714561462402
8.347894668579102,3.353985548019409,7.074133396148682
8.347894668579102,3.353985548019409,7.074133396148682
8.284296035766602,6.7163872718811035,7.948078632354736
8.284296035766602,6.7163872718811035,7.948078632354736
9.532713890075684,5.192823886871338,5.912047386169434
9.532713890075684,5.192823886871338,5.912047386169434
8.590533256530762,9.928543090820312,3.8412857055664062
8.590533256530762,9.928543090820312,3.8412857055664062
8.603297233581543,5.26748514175415,1.9430183172225952
8.603297233581543,5.26748514175415,1.9430183172225952
8.610711097717285,5.69242000579834,3.677363157272339
8.610711097717285,5.69242000579834,3.677363157272339
6.735076427459717,1.401151418685913,3.2951788902282715
6.735076427459717,1.401151418685913,3.2951788902282715
8.049118995666504,8.681558609008789,7.233551502227783
8.049118995666504,8.681558609008789,7.233551502227783
3.9525065422058105,8.609952926635742,8.131223678588867
3.9525065422058105,8.609952926635742,8.131223678588867
4.797971725463867,9.874428749084473,2.9895730018615723
4.797971725463867,9.874428749084473,2.9895730018615723
6.0594482421875,8.41575813293457,9.315126419067383
6.0594482421875,8.41575813293457,9.315126419067383
7.118699073791504,9.48813247680664,6.4563164710998535
7.118699073791504,9.48813247680664,6.4563164710998535
3.26332688331604,9.079950332641602,5.628150939941406
3.26332688331604,9.079950332641602,5.628150939941406
1.1543495655059814,6.341145038604736,6.723123550415039
1.1543495655059814,6.341145038604736,6.723123550415039
4.495207786560059,8.995224952697754,5.393403053283691
4.495207786560059,8.995224952697754,5.393403053283691
5.054394721984863,3.981092929840088,1.7703548669815063
5.054394721984863,3.981092929840088,1.7703548669815063
4.4928107261657715,1.4396679401397705,8.78032112121582
4.4928107261657715,1.4396679401397705,8.78032112121582
7.595117092132568,4.05770206451416,4.953230381011963
7.595117092132568,4.05770206451416,4.953230381011963
8.24768352508545,7.032219409942627,3.1211071014404297
8.24768352508545,7.032219409942627,3.1211071014404297
4.716187000274658,2.814298152923584,6.620811939239502
4.716187000274658,2.814298152923584,6.620811939239502
2.0918452739715576,8.937177658081055,5.392147541046143
2.0918452739715576,8.937177658081055,5.392147541046143
4.415730953216553,2.255554437637329,1.6668360233306885
4.415730953216553,2.255554437637329,1.6668360233306885
5.506536483764648,7.950108528137207,3.817868947982788
5.506536483764648,7.950108528137207,3.817868947982788
5.645138740539551,5.49496603012085,8.602302551269531
5.645138740539551,5.49496603012085,8.602302551269531
4.905359268188477,2.222928047180176,9.998126983642578
4.905359268188477,2.222928047180176,9.998126983642578
3.0231785774230957,5.109890460968018,9.191145896911621
3.0231785774230957,5.109890460968018,9.191145896911621
6.166021347045898,8.453386306762695,8.8580961227417
6.166021347045898,8.453386306762695,8.8580961227417
1.1263738870620728,7.107912063598633,6.720497131347656
1.1263738870620728,7.107912063598633,6.720497131347656
6.344531059265137,7.9036407470703125,6.789613246917725
6.344531059265137,7.9036407470703125,6.789613246917725
7.6110639572143555,9.516789436340332,7.242823600769043
7.6110639572143555,9.516789436340332,7.242823600769043
1.654764175415039,1.5148398876190186,8.929255485534668
1.654764175415039,1.5148398876190186,8.929255485534668
6.207805633544922,3.5909438133239746,7.158954620361328
6.207805633544922,3.5909438133239746,7.158954620361328
2.2788918018341064,4.295017719268799,2.337986707687378
2.2788918018341064,4.295017719268799,2.337986707687378
2.926553249359131,4.313697338104248,9.160953521728516
2.926553249359131,4.313697338104248,9.160953521728516
8.624966621398926,3.539224624633789,4.31107759475708
8.624966621398926,3.539224624633789,4.31107759475708
3.9866299629211426,4.692663192749023,7.766441345214844
3.9866299629211426,4.692663192749023,7.766441345214844
1.0202686786651611,5.943398475646973,9.134679794311523
1.0202686786651611,5.943398475646973,9.134679794311523
8.183342933654785,6.484030723571777,8.503209114074707
8.183342933654785,6.484030723571777,8.503209114074707
8.494027137756348,1.669836401939392,2.724578380584717
8.494027137756348,1.669836401939392,2.724578380584717
9.22684383392334,7.457819938659668,8.87746810913086
9.22684383392334,7.457819938659668,8.87746810913086
5.6889190673828125,2.7176694869995117,1.7388343811035156
5.6889190673828125,2.7176694869995117,1.7388343811035156
6.222687244415283,6.963242530822754,7.749232292175293
6.222687244415283,6.963242530822754,7.749232292175293
7.906521320343018,4.5553107261657715,6.39298152923584
7.906521320343018,4.5553107261657715,6.39298152923584
4.94849157333374,9.26037883758545,8.037908554077148
4.94849157333374,9.26037883758545,8.037908554077148
5.090913772583008,2.2535083293914795,3.0857956409454346
5.090913772583008,2.2535083293914795,3.0857956409454346
7.446697235107422,4.988474369049072,4.902649402618408
7.446697235107422,4.988474369049072,4.902649402618408
8.742769241333008,4.373026371002197,9.60019588470459
8.742769241333008,4.373026371002197,9.60019588470459
3.527052164077759,3.9916086196899414,9.102046012878418
3.527052164077759,3.9916086196899414,9.102046012878418
1.4703824520111084,9.105202674865723,3.989924669265747
1.4703824520111084,9.105202674865723,3.989924669265747
2.5257503986358643,4.392608165740967,2.90887188911438
2.5257503986358643,4.392608165740967,2.90887188911438
8.900524139404297,5.578579425811768,2.0383596420288086
8.900524139404297,5.578579425811768,2.0383596420288086
9.436820030212402,8.686060905456543,5.777273178100586
9.436820030212402,8.686060905456543,5.777273178100586
8.638636589050293,4.878047466278076,9.117526054382324
8.638636589050293,4.878047466278076,9.117526054382324
6.815634727478027,8.686356544494629,7.4165873527526855
6.815634727478027,8.686356544494629,7.4165873527526855
2.8483948707580566,6.678709983825684,3.486661911010742
2.8483948707580566,6.678709983825684,3.486661911010742
8.240548133850098,4.224410057067871,7.8564043045043945
8.240548133850098,4.224410057067871,7.8564043045043945
2.1167378425598145,5.2729268074035645,1.6478736400604248
2.1167378425598145,5.2729268074035645,1.6478736400604248
1.9048030376434326,7.797729015350342,9.130043029785156
1.9048030376434326,7.797729015350342,9.130043029785156
5.479101657867432,4.525576114654541,9.008602142333984
5.479101657867432,4.525576114654541,9.008602142333984
2.260185480117798,1.623172640800476,2.8216166496276855
2.260185480117798,1.623172640800476,2.8216166496276855
5.5730438232421875,7.880429744720459,4.508687973022461
5.5730438232421875,7.880429744720459,4.508687973022461
3.408149480819702,2.582162618637085,8.195944786071777
3.408149480819702,2.582162618637085,8.195944786071777
2.9092776775360107,7.079954624176025,9.501226425170898
2.9092776775360107,7.079954624176025,9.501226425170898
5.017522811889648,4.1497931480407715,3.1754393577575684
5.017522811889648,4.1497931480407715,3.1754393577575684
2.5450727939605713,1.2377488613128662,4.074409008026123
7.463275909423828,3.4159233570098877,5.5601372718811035
6.1310954093933105,5.540019989013672,3.956296920776367
6.1310954093933105,5.540019989013672,3.956296920776367
5.175739765167236,3.213596820831299,3.389842987060547
5.175739765167236,3.213596820831299,3.389842987060547
7.442781925201416,8.258220672607422,3.4770498275756836
7.442781925201416,8.258220672607422,3.4770498275756836
4.945872783660889,6.32728910446167,1.1914517879486084
4.945872783660889,6.32728910446167,1.1914517879486084
9.941179275512695,2.6108558177948,7.111902236938477
9.941179275512695,2.6108558177948,7.111902236938477
9.19478702545166,9.884060859680176,3.2443618774414062
9.19478702545166,9.884060859680176,3.2443618774414062
1.9493204355239868,5.587638854980469,1.7075632810592651
1.9493204355239868,5.587638854980469,1.7075632810592651
9.00603199005127,2.4782235622406006,1.067914366722107
9.00603199005127,2.4782235622406006,1.067914366722107
8.290743827819824,7.90423059463501,8.092110633850098
8.290743827819824,7.90423059463501,8.092110633850098
1.699599266052246,4.25199031829834,7.827076435089111
1.699599266052246,4.25199031829834,7.827076435089111
9.388628005981445,6.178226470947266,8.52104663848877
9.388628005981445,6.178226470947266,8.52104663848877
6.063897132873535,3.663498640060425,5.67462158203125
6.063897132873535,3.663498640060425,5.67462158203125
9.0091552734375,6.530370235443115,6.65932559967041
9.0091552734375,6.530370235443115,6.65932559967041
5.608061790466309,8.191230773925781,8.410805702209473
5.608061790466309,8.191230773925781,8.410805702209473
1.5828800201416016,3.6667630672454834,7.410452365875244
1.5828800201416016,3.6667630672454834,7.410452365875244
7.540091514587402,5.848443508148193,3.4809136390686035
7.540091514587402,5.848443508148193,3.4809136390686035
5.982784748077393,7.27634859085083,9.410284042358398
5.982784748077393,7.27634859085083,9.410284042358398
8.239474296569824,6.05361270904541,3.2838172912597656
8.239474296569824,6.05361270904541,3.2838172912597656
3.5773024559020996,9.79260540008545,2.823251962661743
3.5773024559020996,9.79260540008545,2.823251962661743
1.2287334203720093,4.262670993804932,8.513378143310547
1.2287334203720093,4.262670993804932,8.513378143310547
2.5002212524414062,7.128666400909424,8.96317195892334
2.5002212524414062,7.128666400909424,8.96317195892334
7.1334404945373535,4.763416767120361,6.429149627685547
7.1334404945373535,4.763416767120361,6.429149627685547
3.9866461753845215,8.306524276733398,4.251451015472412
3.9866461753845215,8.306524276733398,4.251451015472412
9.467848777770996,8.445935249328613,1.3620778322219849
9.467848777770996,8.445935249328613,1.3620778322219849
8.997458457946777,8.267132759094238,5.047499179840088
8.997458457946777,8.267132759094238,5.047499179840088
5.820822238922119,8.734779357910156,5.407585144042969
5.820822238922119,8.734779357910156,5.407585144042969
5.3241400718688965,1.6935111284255981,1.5911277532577515
5.3241400718688965,1.6935111284255981,1.5911277532577515
1.7268545627593994,2.2446341514587402,5.511329650878906
1.7268545627593994,2.2446341514587402,5.511329650878906
2.1001057624816895,5.388877868652344,6.893501281738281
2.1001057624816895,5.388877868652344,6.893501281738281
8.075346946716309,7.837971210479736,4.898250102996826
8.075346946716309,7.837971210479736,4.898250102996826
8.324478149414062,8.8510103225708,6.32661771774292
8.324478149414062,8.8510103225708,6.32661771774292
6.76524019241333,1.4091390371322632,4.981184005737305
6.76524019241333,1.4091390371322632,4.981184005737305
9.483077049255371,6.6805925369262695,5.5901288986206055
9.483077049255371,6.6805925369262695,5.5901288986206055
3.0271196365356445,8.089982986450195,1.567326307296753
3.0271196365356445,8.089982986450195,1.567326307296753
9.819806098937988,8.605391502380371,4.039669513702393
9.819806098937988,8.605391502380371,4.039669513702393
6.786067008972168,2.7099130153656006,7.003067493438721
6.786067008972168,2.7099130153656006,7.003067493438721
4.78627872467041,5.491796970367432,9.72800350189209
4.78627872467041,5.491796970367432,9.72800350189209
3.2163939476013184,9.160487174987793,7.223239898681641
3.2163939476013184,9.160487174987793,7.223239898681641
9.180974960327148,1.1583606004714966,3.7592945098876953
9.180974960327148,1.1583606004714966,3.7592945098876953
5.189204216003418,5.01089334487915,8.826949119567871
5.189204216003418,5.01089334487915,8.826949119567871
9.496907234191895,2.8635923862457275,4.739794731140137
9.496907234191895,2.8635923862457275,4.739794731140137
9.584329605102539,1.5776963233947754,2.6688125133514404
9.584329605102539,1.5776963233947754,2.6688125133514404
1.8301560878753662,2.667840003967285,6.98200798034668
1.8301560878753662,2.667840003967285,6.98200798034668
2.258657217025757,4.3462653160095215,8.116175651550293
2.258657217025757,4.3462653160095215,8.116175651550293
3.9922213554382324,8.935290336608887,9.927469253540039
3.9922213554382324,8.935290336608887,9.927469253540039
2.1238980293273926,5.929520606994629,8.775856971740723
2.1238980293273926,5.929520606994629,8.775856971740723
9.933940887451172,6.92568302154541,4.5748724937438965
9.933940887451172,6.92568302154541,4.5748724937438965
8.889312744140625,6.571365833282471,3.6139514446258545
8.889312744140625,6.571365833282471,3.6139514446258545
8.838438034057617,7.184277057647705,2.825134754180908
8.838438034057617,7.184277057647705,2.825134754180908
5.640675067901611,6.6151556968688965,3.958836317062378
5.640675067901611,6.6151556968688965,3.958836317062378
1.1671574115753174,1.495176076889038,3.7389962673187256
1.1671574115753174,1.495176076889038,3.7389962673187256
8.539434432983398,4.1306891441345215,5.249255657196045
8.539434432983398,4.1306891441345215,5.249255657196045
2.8591151237487793,8.744767189025879,4.563838958740234
2.8591151237487793,8.744767189025879,4.563838958740234
5.0151519775390625,9.2694730758667,9.64215087890625
5.0151519775390625,9.2694730758667,9.64215087890625
5.899872779846191,9.310576438903809,2.0427463054656982
5.899872779846191,9.310576438903809,2.0427463054656982
7.079964637756348,2.6490237712860107,2.9287490844726562
7.079964637756348,2.6490237712860107,2.9287490844726562
6.858953475952148,8.895400047302246,6.199721336364746
6.858953475952148,8.895400047302246,6.199721336364746
5.61647891998291,8.178393363952637,9.107156753540039
5.61647891998291,8.178393363952637,9.107156753540039
5.635530471801758,4.900193691253662,9.312479972839355
5.635530471801758,4.900193691253662,9.312479972839355
9.335098266601562,9.77072811126709,5.537518501281738
9.335098266601562,9.77072811126709,5.537518501281738
3.887760639190674,3.942485809326172,4.886085510253906
3.887760639190674,3.942485809326172,4.886085510253906
7.39434289932251,5.078592777252197,1.0062053203582764
7.39434289932251,5.078592777252197,1.0062053203582764
9.098159790039062,1.2842315435409546,7.677823543548584
9.098159790039062,1.2842315435409546,7.677823543548584
7.99336051940918,4.489537239074707,5.53523063659668
7.99336051940918,4.489537239074707,5.53523063659668
6.3327226638793945,7.303207874298096,5.083614349365234
6.3327226638793945,7.303207874298096,5.083614349365234
9.483357429504395,1.666092038154602,5.514817714691162
9.483357429504395,1.666092038154602,5.514817714691162
7.859744548797607,2.946443557739258,2.5321013927459717
7.859744548797607,2.946443557739258,2.5321013927459717
2.2948670387268066,2.760598659515381,2.0402591228485107
2.2948670387268066,2.760598659515381,2.0402591228485107
1.9125068187713623,1.6732593774795532,2.031895160675049
1.9125068187713623,1.6732593774795532,2.031895160675049
8.544833183288574,7.402820587158203,6.250605583190918
8.544833183288574,7.402820587158203,6.250605583190918
8.737449645996094,4.5323052406311035,8.010146141052246
8.737449645996094,4.5323052406311035,8.010146141052246
4.232128143310547,2.7139506340026855,6.883791446685791
4.232128143310547,2.7139506340026855,6.883791446685791
7.342803955078125,8.156655311584473,3.2277586460113525
7.342803955078125,8.156655311584473,3.2277586460113525
5.101252555847168,6.473238945007324,1.6612873077392578
5.101252555847168,6.473238945007324,1.6612873077392578
2.223355293273926,4.728637218475342,1.6205220222473145
2.223355293273926,4.728637218475342,1.6205220222473145
2.0843565464019775,8.087252616882324,4.73110294342041
2.0843565464019775,8.087252616882324,4.73110294342041
2.5496749877929688,4.276933193206787,2.5599067211151123
2.5496749877929688,4.276933193206787,2.5599067211151123
2.997166395187378,8.380823135375977,7.057310104370117
2.997166395187378,8.380823135375977,7.057310104370117
8.259234428405762,2.516453266143799,3.4763293266296387
8.259234428405762,2.516453266143799,3.4763293266296387
2.7384164333343506,5.041254997253418,9.884528160095215
2.7384164333343506,5.041254997253418,9.884528160095215
6.423888206481934,3.9174509048461914,9.480192184448242
6.423888206481934,3.9174509048461914,9.480192184448242
7.155913829803467,3.763277053833008,8.68587589263916
7.155913829803467,3.763277053833008,8.68587589263916
9.219813346862793,2.978214740753174,9.711509704589844
9.219813346862793,2.978214740753174,9.711509704589844
5.472842693328857,7.486178874969482,4.825486183166504
5.472842693328857,7.486178874969482,4.825486183166504
5.0427961349487305,4.184038162231445,3.6975626945495605
5.0427961349487305,4.184038162231445,3.6975626945495605
9.772250175476074,2.7245712280273438,8.542409896850586
9.772250175476074,2.7245712280273438,8.542409896850586
1.6986334323883057,2.09238600730896,8.002256393432617
1.6986334323883057,2.09238600730896,8.002256393432617
4.022674083709717,9.326736450195312,4.327367305755615
4.022674083709717,9.326736450195312,4.327367305755615
2.253957986831665,2.71091628074646,3.997112274169922
2.253957986831665,2.71091628074646,3.997112274169922
9.852339744567871,3.7108943462371826,1.8515790700912476
9.852339744567871,3.7108943462371826,1.8515790700912476
8.928872108459473,3.2507193088531494,1.8395344018936157
8.928872108459473,3.2507193088531494,1.8395344018936157
4.973027229309082,2.8466362953186035,7.192547798156738
4.973027229309082,2.8466362953186035,7.192547798156738
6.085302352905273,1.8152745962142944,4.341743469238281
6.085302352905273,1.8152745962142944,4.341743469238281
6.827082633972168,9.861326217651367,8.95213794708252
6.827082633972168,9.861326217651367,8.95213794708252
9.498641014099121,8.115289688110352,8.490826606750488
9.498641014099121,8.115289688110352,8.490826606750488
3.026822090148926,8.013215065002441,5.680622577667236
3.026822090148926,8.013215065002441,5.680622577667236
2.856919527053833,4.571993827819824,4.366568565368652
2.856919527053833,4.571993827819824,4.366568565368652
5.766018867492676,3.278134822845459,1.3369624614715576
5.766018867492676,3.278134822845459,1.3369624614715576
3.1337132453918457,7.10856294631958,6.539886474609375
3.1337132453918457,7.10856294631958,6.539886474609375
2.385374069213867,1.8008217811584473,3.1953768730163574
2.385374069213867,1.8008217811584473,3.1953768730163574
2.9208409786224365,4.891983509063721,6.505686283111572
2.9208409786224365,4.891983509063721,6.505686283111572
4.575657844543457,6.684870719909668,8.237802505493164
4.575657844543457,6.684870719909668,8.237802505493164
1.6952173709869385,6.942842483520508,8.27676773071289
1.6952173709869385,6.942842483520508,8.27676773071289
4.005801677703857,2.9925920963287354,8.020134925842285
4.005801677703857,2.9925920963287354,8.020134925842285
3.2516582012176514,2.466053009033203,8.29283618927002
3.2516582012176514,2.466053009033203,8.29283618927002
5.62535285949707,8.590570449829102,3.1258082389831543
5.62535285949707,8.590570449829102,3.1258082389831543
1.1877636909484863,2.297114610671997,6.381900787353516
1.1877636909484863,2.297114610671997,6.381900787353516
5.879759788513184,8.408201217651367,1.131191372871399
5.879759788513184,8.408201217651367,1.131191372871399
9.903338432312012,2.032897710800171,8.095945358276367
9.903338432312012,2.032897710800171,8.095945358276367
3.6703696250915527,9.208616256713867,2.2049925327301025
3.6703696250915527,9.208616256713867,2.2049925327301025
7.003663063049316,1.2326252460479736,5.2327165603637695
7.003663063049316,1.2326252460479736,5.2327165603637695
3.368705987930298,6.17542839050293,3.732884407043457
3.368705987930298,6.17542839050293,3.732884407043457
7.219736099243164,2.796259880065918,3.0662124156951904
7.219736099243164,2.796259880065918,3.0662124156951904
7.173104286193848,6.0444416999816895,3.542991876602173
7.173104286193848,6.0444416999816895,3.542991876602173
6.284247875213623,4.165407657623291,6.174915313720703
6.284247875213623,4.165407657623291,6.174915313720703
8.806337356567383,7.006309986114502,3.3064939975738525
8.806337356567383,7.006309986114502,3.3064939975738525
8.895082473754883,1.079380989074707,4.578688621520996
8.895082473754883,1.079380989074707,4.578688621520996
8.908655166625977,7.09362268447876,4.6372246742248535
8.908655166625977,7.09362268447876,4.6372246742248535
3.867462635040283,7.726489067077637,5.154519081115723
3.867462635040283,7.726489067077637,5.154519081115723
8.30656909942627,6.647180080413818,9.760873794555664
8.30656909942627,6.647180080413818,9.760873794555664
2.748727798461914,6.594071865081787,1.730143666267395
2.748727798461914,6.594071865081787,1.730143666267395
5.859642028808594,7.208317756652832,6.545213222503662
5.859642028808594,7.208317756652832,6.545213222503662
7.64000129699707,1.2689659595489502,8.272835731506348
7.64000129699707,1.2689659595489502,8.272835731506348
7.473543167114258,6.103699684143066,3.6614842414855957
7.473543167114258,6.103699684143066,3.6614842414855957
4.789572238922119,2.4238719940185547,6.24627161026001
4.789572238922119,2.4238719940185547,6.24627161026001
1.97246515750885,9.08950138092041,2.3796956539154053
1.97246515750885,9.08950138092041,2.3796956539154053
6.584357738494873,9.974355697631836,8.472173690795898
6.584357738494873,9.974355697631836,8.472173690795898
3.266118049621582,6.8461785316467285,1.7896852493286133
3.266118049621582,6.8461785316467285,1.7896852493286133
9.027667045593262,4.063721179962158,6.1556196212768555
9.027667045593262,4.063721179962158,6.1556196212768555
7.452286720275879,2.8329010009765625,7.390766143798828
7.452286720275879,2.8329010009765625,7.390766143798828
4.4943437576293945,8.077977180480957,7.918269157409668
4.4943437576293945,8.077977180480957,7.918269157409668
4.321491241455078,4.219120502471924,5.233883857727051
4.321491241455078,4.219120502471924,5.233883857727051
6.000580787658691,6.756401538848877,2.7590038776397705
6.000580787658691,6.756401538848877,2.7590038776397705
2.082753896713257,1.5447585582733154,8.89184856414795
2.082753896713257,1.5447585582733154,8.89184856414795
1.856304407119751,1.1084867715835571,4.4643659591674805
1.856304407119751,1.1084867715835571,4.4643659591674805
7.023174285888672,6.068833827972412,7.472779750823975
7.023174285888672,6.068833827972412,7.472779750823975
9.445277214050293,6.173101902008057,2.9030027389526367
9.445277214050293,6.173101902008057,2.9030027389526367
5.780488014221191,9.446141242980957,4.680553913116455
5.780488014221191,9.446141242980957,4.680553913116455
5.807451248168945,6.853024959564209,2.516841173171997
5.807451248168945,6.853024959564209,2.516841173171997
8.173942565917969,3.8266425132751465,5.91036319732666
8.173942565917969,3.8266425132751465,5.91036319732666
2.358595132827759,5.38905668258667,2.0406410694122314
2.358595132827759,5.38905668258667,2.0406410694122314
8.941398620605469,6.639552116394043,9.00971508026123
8.941398620605469,6.639552116394043,9.00971508026123
5.342914581298828,5.059344291687012,5.190503120422363
5.342914581298828,5.059344291687012,5.190503120422363
6.44196081161499,9.411731719970703,5.274577617645264
6.44196081161499,9.411731719970703,5.274577617645264
6.667123794555664,8.622995376586914,3.2818877696990967
6.667123794555664,8.622995376586914,3.2818877696990967
5.57106351852417,9.362958908081055,8.928367614746094
5.57106351852417,9.362958908081055,8.928367614746094
2.47489333152771,7.83513069152832,9.877556800842285
2.47489333152771,7.83513069152832,9.877556800842285
5.334718704223633,9.191993713378906,5.271298885345459
5.334718704223633,9.191993713378906,5.271298885345459
7.656539440155029,6.820123195648193,2.6792049407958984
7.656539440155029,6.820123195648193,2.6792049407958984
5.915042877197266,8.619948387145996,6.966344833374023
5.915042877197266,8.619948387145996,6.966344833374023
9.036585807800293,1.1226810216903687,4.086341381072998
9.036585807800293,1.1226810216903687,4.086341381072998
5.323637008666992,1.4571576118469238,1.488392949104309
5.323637008666992,1.4571576118469238,1.488392949104309
6.9303507804870605,3.827958106994629,3.013089895248413
6.9303507804870605,3.827958106994629,3.013089895248413
1.2020121812820435,9.64970874786377,6.686511039733887
1.2020121812820435,9.64970874786377,6.686511039733887
4.023889064788818,6.05000638961792,4.651081562042236
4.023889064788818,6.05000638961792,4.651081562042236
9.00456714630127,8.56816291809082,3.5947425365448
9.00456714630127,8.56816291809082,3.5947425365448
2.653642177581787,7.6250319480896,1.2755540609359741
2.653642177581787,7.6250319480896,1.2755540609359741
1.6316248178482056,4.536637783050537,7.172188758850098
1.6316248178482056,4.536637783050537,7.172188758850098
8.053927421569824,9.94668197631836,3.031114101409912
8.053927421569824,9.94668197631836,3.031114101409912
8.746460914611816,5.363038539886475,8.191838264465332
8.746460914611816,5.363038539886475,8.191838264465332
6.57081413269043,9.660903930664062,8.446815490722656
6.57081413269043,9.660903930664062,8.446815490722656
7.522180557250977,8.823556900024414,2.9388599395751953
7.522180557250977,8.823556900024414,2.9388599395751953
2.073296546936035,9.101243019104004,9.493350982666016
2.073296546936035,9.101243019104004,9.493350982666016
7.420108795166016,1.5569140911102295,6.258508682250977
7.420108795166016,1.5569140911102295,6.258508682250977
9.058996200561523,9.854615211486816,4.602114677429199
9.058996200561523,9.854615211486816,4.602114677429199
6.072185516357422,4.829905033111572,8.096845626831055
6.072185516357422,4.829905033111572,8.096845626831055
5.678509712219238,8.606888771057129,2.21114444732666
5.678509712219238,8.606888771057129,2.21114444732666
6.577815532684326,8.309209823608398,9.424673080444336
6.577815532684326,8.309209823608398,9.424673080444336
2.5766329765319824,4.996703147888184,5.683676242828369
2.5766329765319824,4.996703147888184,5.683676242828369
6.24543571472168,2.5870048999786377,5.09444522857666
6.24543571472168,2.5870048999786377,5.09444522857666
8.03447151184082,6.185626029968262,6.972245216369629
8.03447151184082,6.185626029968262,6.972245216369629
3.694458484649658,8.235038757324219,3.762298107147217
3.694458484649658,8.235038757324219,3.762298107147217
1.3727082014083862,8.51087474822998,7.946681022644043
1.3727082014083862,8.51087474822998,7.946681022644043
9.697819709777832,5.652094841003418,4.7877726554870605
9.697819709777832,5.652094841003418,4.7877726554870605
9.332449913024902,6.0701398849487305,7.2781572341918945
9.332449913024902,6.0701398849487305,7.2781572341918945
1.4522595405578613,3.4738826751708984,1.6848422288894653
1.4522595405578613,3.4738826751708984,1.6848422288894653
2.1339597702026367,2.5168380737304688,4.967329978942871
2.1339597702026367,2.5168380737304688,4.967329978942871
4.989995002746582,3.9565744400024414,5.765249252319336
4.989995002746582,3.9565744400024414,5.765249252319336
8.715581893920898,8.40528678894043,1.9849189519882202
8.715581893920898,8.40528678894043,1.9849189519882202
8.398274421691895,2.415290594100952,8.842429161071777
8.398274421691895,2.415290594100952,8.842429161071777
2.3632164001464844,7.351811408996582,8.273893356323242
2.3632164001464844,7.351811408996582,8.273893356323242
4.189553260803223,4.845502853393555,2.3228960037231445
4.189553260803223,4.845502853393555,2.3228960037231445
8.37624454498291,6.345591068267822,5.102438449859619
8.37624454498291,6.345591068267822,5.102438449859619
7.38577938079834,1.174203634262085,2.5348312854766846
7.38577938079834,1.174203634262085,2.5348312854766846
7.887932777404785,9.655515670776367,1.9799742698669434
7.887932777404785,9.655515670776367,1.9799742698669434
9.984156608581543,7.272679805755615,7.696237087249756
9.984156608581543,7.272679805755615,7.696237087249756
1.4611811637878418,1.8983018398284912,2.1322717666625977
1.4611811637878418,1.8983018398284912,2.1322717666625977
8.969330787658691,2.4125380516052246,2.653658866882324
8.969330787658691,2.4125380516052246,2.653658866882324
5.163198947906494,2.0805375576019287,1.903700828552246
5.163198947906494,2.0805375576019287,1.903700828552246
7.497960090637207,1.3305060863494873,5.005274772644043
7.497960090637207,1.3305060863494873,5.005274772644043
2.6952381134033203,6.390759468078613,8.840543746948242
2.6952381134033203,6.390759468078613,8.840543746948242
2.777916431427002,7.4502034187316895,9.964597702026367
2.777916431427002,7.4502034187316895,9.964597702026367
2.4780147075653076,4.169972896575928,1.366948127746582
2.4780147075653076,4.169972896575928,1.366948127746582
2.501774787902832,9.533849716186523,7.704592704772949
2.501774787902832,9.533849716186523,7.704592704772949
3.552838087081909,9.67257022857666,5.317703723907471
3.552838087081909,9.67257022857666,5.317703723907471
3.960151195526123,4.0827717781066895,2.5414257049560547
3.960151195526123,4.0827717781066895,2.5414257049560547
4.303091526031494,8.387173652648926,2.5047919750213623
4.303091526031494,8.387173652648926,2.5047919750213623
2.089362144470215,6.723137378692627,3.582327127456665
2.089362144470215,6.723137378692627,3.582327127456665
8.134919166564941,6.656326770782471,6.533997535705566
8.134919166564941,6.656326770782471,6.533997535705566
2.1857149600982666,5.637816905975342,7.916899681091309
